{
	// Place your snippets for javascript here. Each snippet is defined under a snippet name and has a prefix, body and
	// description. The prefix is what is used to trigger the snippet and the body will be expanded and inserted. Possible variables are:
	// $1, $2 for tab stops, $0 for the final cursor position, and ${1:label}, ${2:another} for placeholders. Placeholders with the
	// same ids are connected.
	// Example:
	// "Print to console": {
	// 	"prefix": "log",
	// 	"body": [
	// 		"console.log('$1');",
	// 		"$2"
	// 	],
	// 	"description": "Log output to console"
	// }
	"strict": {
		"prefix": "strict",
		"body": [
			"'use strict';",
			"",
			"/**",
			"\t* @file $1",
			"\t* @module $2",
			"\t* @exports $3",
			"*/",
			"$4"
		],
		"description": "use strict."
	},
	"modules": {
		"prefix": "modules",
		"body": [
			"module.exports = {",
			"$1",
			"};"
		],
		"description": "Create an empty module declaration."
	},
	"require": {
		"prefix": "require",
		"body": [
			"require('$1');$2"
		]
	},
	"func": {
		"prefix": "arrow",
		"body": [
			"const $1 = (${2|data,obj,text,result,reason,req\\, res, |}) => {",
			"",
			"\t$3",
			"};$4"
		]
	},
	"then": {
		"prefix": ".then",
		"body": [
			".then(($1)=>{",
			"\t$2",
			"})"
		]
	}
}
